hotel,lead_time,arrival_date_year,arrival_date_month,arrival_date_week_number,arrival_date_day_of_month,stays_in_weekend_nights,stays_in_week_nights,adults,children,babies,meal,country,market_segment,distribution_channel,is_repeated_guest,previous_cancellations,previous_bookings_not_canceled,reserved_room_type,assigned_room_type,booking_changes,deposit_type,agent,company,days_in_waiting_list,customer_type,adr,required_car_parking_spaces,total_of_special_requests
Resort Hotel,203,2016,December,49,2,2,5,2,0.0,0,BB,GBR,Direct,Direct,0,0,0,F,F,4,No Deposit,250.0,,0,Transient,66.8,0,0
City Hotel,82,2015,July,29,16,0,3,2,0.0,0,BB,PRT,Online TA,TA/TO,0,0,0,A,A,0,No Deposit,9.0,,0,Transient,76.5,0,0
City Hotel,25,2016,December,53,27,0,3,3,0.0,0,BB,BRA,Offline TA/TO,TA/TO,0,0,0,A,K,2,No Deposit,220.0,,0,Transient-Party,60.0,0,1
City Hotel,1,2016,March,11,9,0,1,1,0.0,0,BB,SWE,Online TA,TA/TO,0,0,0,A,A,0,No Deposit,9.0,,0,Transient-Party,95.0,0,0
City Hotel,70,2017,April,16,16,2,2,2,0.0,0,SC,GBR,Online TA,TA/TO,0,0,0,A,A,0,No Deposit,9.0,,0,Transient,108.0,0,0
City Hotel,170,2017,April,17,27,0,3,2,0.0,0,BB,DEU,Online TA,TA/TO,0,0,0,D,D,0,No Deposit,9.0,,0,Transient,130.5,0,0
City Hotel,21,2016,March,10,4,0,1,1,0.0,0,BB,SVN,Online TA,TA/TO,0,0,0,A,A,0,No Deposit,9.0,,0,Transient-Party,85.0,0,0
City Hotel,102,2015,October,42,16,0,2,2,0.0,0,HB,DEU,Offline TA/TO,TA/TO,0,0,0,A,D,0,No Deposit,6.0,,0,Transient-Party,109.0,0,0
Resort Hotel,55,2016,November,47,19,2,5,2,0.0,0,HB,GBR,Online TA,TA/TO,0,0,0,D,D,1,No Deposit,314.0,,0,Transient,67.44,0,0
Resort Hotel,222,2015,September,38,14,1,1,2,0.0,0,HB,ESP,Groups,TA/TO,0,0,0,A,A,0,No Deposit,68.0,,0,Transient,80.0,0,0
Resort Hotel,120,2016,December,53,26,1,3,2,0.0,0,BB,BEL,Online TA,TA/TO,0,0,0,D,D,0,No Deposit,240.0,,0,Transient-Party,54.8,1,3
City Hotel,88,2017,February,7,17,0,2,2,0.0,0,SC,DEU,Online TA,TA/TO,0,0,0,A,A,0,No Deposit,9.0,,0,Transient,79.2,0,0
Resort Hotel,79,2015,December,52,24,2,5,2,0.0,0,HB,GBR,Offline TA/TO,TA/TO,0,0,0,A,A,0,No Deposit,156.0,,0,Transient,57.29,0,2
City Hotel,41,2016,August,34,15,1,2,2,0.0,0,BB,PRT,Offline TA/TO,TA/TO,0,0,0,A,A,0,No Deposit,28.0,,0,Transient,76.5,0,0
City Hotel,239,2015,October,42,17,0,1,2,0.0,0,BB,PRT,Groups,TA/TO,0,1,0,A,A,0,Non Refund,1.0,,0,Transient,60.0,0,0
Resort Hotel,23,2017,April,16,20,0,2,2,0.0,0,BB,GBR,Groups,Direct,0,0,0,A,A,0,No Deposit,,,0,Transient-Party,99.0,1,0
Resort Hotel,34,2016,December,50,9,0,1,2,0.0,0,BB,PRT,Online TA,TA/TO,0,0,0,A,D,0,No Deposit,240.0,,0,Transient,48.0,0,1
City Hotel,38,2016,May,19,6,2,3,2,1.0,0,HB,FRA,Online TA,TA/TO,0,0,0,A,A,0,No Deposit,9.0,,0,Transient,149.68,0,0
City Hotel,160,2017,July,28,15,2,5,2,0.0,0,BB,FRA,Online TA,TA/TO,0,0,0,A,A,0,No Deposit,7.0,,0,Transient,78.35,0,1
Resort Hotel,32,2016,October,44,27,2,5,2,0.0,0,BB,FRA,Direct,Direct,0,0,0,F,F,0,No Deposit,250.0,,0,Transient,91.85,1,0
Resort Hotel,56,2016,March,14,29,0,4,2,0.0,0,BB,PRT,Online TA,TA/TO,0,0,0,A,A,0,No Deposit,240.0,,0,Transient,58.0,1,1
City Hotel,97,2015,October,41,5,1,3,1,0.0,0,BB,PRT,Groups,TA/TO,0,0,0,A,A,0,Non Refund,29.0,,0,Transient,140.0,0,0
Resort Hotel,85,2017,April,16,19,1,4,2,0.0,0,BB,USA,Direct,Direct,0,0,0,E,E,2,No Deposit,,,0,Transient-Party,74.6,0,1
City Hotel,278,2017,July,30,26,0,4,3,0.0,0,BB,DEU,Online TA,TA/TO,0,0,0,D,D,0,No Deposit,9.0,,0,Transient,165.6,0,2
City Hotel,175,2016,August,33,10,0,4,2,0.0,0,BB,GBR,Online TA,TA/TO,0,0,0,A,A,0,No Deposit,9.0,,0,Transient,99.45,0,0
City Hotel,26,2017,May,21,22,1,1,2,0.0,0,BB,PRT,Offline TA/TO,TA/TO,0,0,0,A,A,0,Non Refund,3.0,,0,Transient,128.0,0,0
City Hotel,360,2015,October,42,12,1,1,2,0.0,0,BB,PRT,Groups,TA/TO,0,1,0,A,A,0,Non Refund,1.0,,0,Contract,62.0,0,0
Resort Hotel,378,2016,November,45,1,0,2,2,0.0,0,BB,PRT,Groups,TA/TO,0,0,0,A,A,0,Non Refund,248.0,,0,Transient,46.0,0,0
City Hotel,32,2016,January,5,24,2,1,2,0.0,0,BB,ARG,Corporate,Corporate,0,0,0,A,A,1,No Deposit,38.0,,15,Transient-Party,64.0,0,0
Resort Hotel,165,2015,December,53,30,0,4,1,0.0,0,Undefined,PRT,Groups,TA/TO,0,0,0,A,A,0,No Deposit,308.0,,122,Transient-Party,0.0,0,0
